{
  "hash": "e7bdd53f",
  "configHash": "338daf23",
  "lockfileHash": "520c3e93",
  "browserHash": "42a5b025",
  "optimized": {
    "@angular/common": {
      "src": "../../../../../../node_modules/@angular/common/fesm2022/common.mjs",
      "file": "@angular_common.js",
      "fileHash": "03c60d1c",
      "needsInterop": false
    },
    "@angular/common/http": {
      "src": "../../../../../../node_modules/@angular/common/fesm2022/http.mjs",
      "file": "@angular_common_http.js",
      "fileHash": "cc37f03a",
      "needsInterop": false
    },
    "@angular/core": {
      "src": "../../../../../../node_modules/@angular/core/fesm2022/core.mjs",
      "file": "@angular_core.js",
      "fileHash": "d05c0436",
      "needsInterop": false
    },
    "@angular/forms": {
      "src": "../../../../../../node_modules/@angular/forms/fesm2022/forms.mjs",
      "file": "@angular_forms.js",
      "fileHash": "dfa72561",
      "needsInterop": false
    },
    "@angular/platform-browser": {
      "src": "../../../../../../node_modules/@angular/platform-browser/fesm2022/platform-browser.mjs",
      "file": "@angular_platform-browser.js",
      "fileHash": "c9988e79",
      "needsInterop": false
    },
    "@angular/router": {
      "src": "../../../../../../node_modules/@angular/router/fesm2022/router.mjs",
      "file": "@angular_router.js",
      "fileHash": "37fcd19c",
      "needsInterop": false
    },
    "zone.js": {
      "src": "../../../../../../node_modules/zone.js/fesm2015/zone.js",
      "file": "zone__js.js",
      "fileHash": "d9ca0f9d",
      "needsInterop": true
    }
  },
  "chunks": {
    "chunk-NOG3JZGA": {
      "file": "chunk-NOG3JZGA.js"
    },
    "chunk-HC6OXQJT": {
      "file": "chunk-HC6OXQJT.js"
    },
    "chunk-4H5UTL4K": {
      "file": "chunk-4H5UTL4K.js"
    },
    "chunk-DBQVMHQU": {
      "file": "chunk-DBQVMHQU.js"
    },
    "chunk-KBYV2LFA": {
      "file": "chunk-KBYV2LFA.js"
    },
    "chunk-WDMUDEB6": {
      "file": "chunk-WDMUDEB6.js"
    }
  }
}